State,TotalSales
Wyoming,1603.136
South Dakota,1315.5600000000002
Maine,1270.5300000000002
West Virginia,1209.824
North Dakota,919.91
