State,TotalSales
California,457687.631500001
New York,310876.2709999998
Texas,170188.04580000002
Washington,138641.26999999993
Pennsylvania,116511.91400000003
